{
    "UIBattleScene": {
        "BackPos": [
            640.0,
            360.0
        ],
        "BackScale": 1.0,
        "ComboPos": [
            1090.0,
            270.0
        ],
        "ComboScale": 1.2999999523162842,
        "GoodPos": [
            1000.0,
            400.0
        ],
        "GoodScale": 2.0,
        "GreatPos": [
            1000.0,
            400.0
        ],
        "GreatScale": 2.0,
        "HighComboPos": [
            1000.0,
            500.0
        ],
        "HighComboScale": 1.0,
        "HighScorePos": [
            1085.0,
            140.0
        ],
        "HighScoreScale": 0.6000000238418579,
        "MissPos": [
            1000.0,
            400.0
        ],
        "MissScale": 2.0,
        "PerfectPos": [
            1000.0,
            400.0
        ],
        "PerfectScale": 2.0,
        "ScorePos": [
            995.5800170898438,
            50.0
        ],
        "ScoreScale": 1.0
    }
}
