{
    "UIBattleScene": {
        "ComboPos": [
            1075.0,
            270.0
        ],
        "ComboScale": 1.2999999523162842,
        "GoodPos": [
            200.0,
            360.0
        ],
        "GoodScale": 1.0,
        "GreatPos": [
            200.0,
            360.0
        ],
        "GreatScale": 1.0,
        "HighComboPos": [
            1000.0,
            500.0
        ],
        "HighComboScale": 1.0,
        "HighScorePos": [
            1120.0,
            140.0
        ],
        "HighScoreScale": 0.6000000238418579,
        "MissPos": [
            200.0,
            360.0
        ],
        "MissScale": 1.0,
        "PerfectPos": [
            200.0,
            360.0
        ],
        "PerfectScale": 1.0,
        "ScorePos": [
            1020.0,
            50.0
        ],
        "ScoreScale": 1.0
    }
}
