{
    "UIResultScene": {
        "BackPos": [
            640.0,
            360.0
        ],
        "BackScale": 1.7000000476837158,
        "ComboPos": [
            450.0,
            300.0
        ],
        "ComboScale": 1.0,
        "GoodPos": [
            450.0,
            480.0
        ],
        "GoodScale": 1.0,
        "GreatPos": [
            450.0,
            420.0
        ],
        "GreatScale": 1.0,
        "HighComboPos": [
            450.0,
            360.0
        ],
        "HighComboScale": 1.0,
        "HighScorePos": [
            450.0,
            250.0
        ],
        "HighScoreScale": 0.699999988079071,
        "MissPos": [
            450.0,
            540.0
        ],
        "MissScale": 1.0,
        "PerfectPos": [
            450.0,
            360.0
        ],
        "PerfectScale": 1.0,
        "ScorePos": [
            450.0,
            200.0
        ],
        "ScoreScale": 1.0
    }
}
